﻿<root>
	<ArticleTypeTemplate>
		<div class="articlecategories">
			<div class="subjectgroup">
				<p class="subject" id="MPS_d1e25">{subject}</p>
			</div>
		</div>
	</ArticleTypeTemplate>
	<TitleGrpTemplate>
		<div class="titlegroup">
			<div class="title">{articletitle}</div>
			<div class="rrh">{rrh}</div>
		</div>
	</TitleGrpTemplate>
	<AuthGrpTemplate>
		<div class="author-group">
			<template name="AuthorsTemplate"/>
		</div>
	</AuthGrpTemplate>
	<AuthorsTemplate>
		<div class="authors">
			<template name="AuthorTemplate"/>
			<template name="AffsTemplate"/>
		</div>
	</AuthorsTemplate>
	<AuthorTemplate>
		<div class="author">
			<span class="given-name">{given-name}</span>
			<span class="surname">{surname}</span>
			<span class="middle-name">{middle-name}</span>
			<span class="orcid">{orcid}</span>
			<span class="suffix">{suffix}</span>
			<span class="degree">{degree}</span>
			<template name="CiteTemplate"/>
		</div>
	</AuthorTemplate>
	<CiteTemplate>
		<span name="aff" class="cite" href="aff#">{cite}</span>
	</CiteTemplate>
	<AffsTemplate>
		<div class="affiliations">
			<template name="AffTemplate"/>
		</div>
	</AffsTemplate>
	<AffTemplate>
		<div class="aff">
			<span class="label">{afflabel}</span>
			<span class="department">{department}</span>
			<span class="institution">{institution}</span>
			<span class="settlement">{settlement}</span>
			<span class="region">{region}</span>
			<span class="postCode">{postCode}</span>
		</div>
	</AffTemplate>
	<AbstractTemplate>
		<div class="abstract">
			<div class="abshead">{abshead}</div>
			<template name="ParaTemplate"/>
		</div>
	</AbstractTemplate>
	<ParaTemplate>
		<div class="para">{para}</div>
	</ParaTemplate>
	<KeywordGroupTemplate>
		<div class="keywordgroup">
			<div class="title">{kwtitle}</div>
			<template name="KeywordTemplate"/>
		</div>
	</KeywordGroupTemplate>
	<KeywordTemplate>
		<span class="keyword">{keyword}</span>
	</KeywordTemplate>

</root>