{
  "homePathPattern": "C:\\PageAll\\Herald\\Conversion\\{uniqueNumber}\\",
  "digiLink": "https://mpsdigiedit.mpslimited.com/DigiEditCore7/App/Editor?f={uniqueNumber}&r=au&v=submission&uc=sheela&uid=0807&h=True",
  "syncDBOutpath": "C:\\PageAll\\Herald\\Conversion\\{uniqueNumber}\\sync.db",
  "syncDBInpath": "\\Resources\\sync.db",
  //"homePathPattern": "D:\\PageAll\\Herald\\Conversion\\{uniqueNumber}\\",
  //"homePathPattern": "C:\\PageAll\\Herald\\Conversion\\{currentDate}\\{uniqueNumber}\\",
  //"homePathPattern": "D:\\PageAll\\Herald\\Conversion\\{currentDate}\\{uniqueNumber}\\",
  "folderName": {
    "docx": "docx",
    "pdf": "pdf",
    "wordml": "wordml",
    "gxml": "gxml",
    "html": "html",
    "json": "json",
    "tei": "tei",
    "txt": "txt",
    "structuredHtml": "structuredHtml",
    "digiHtml": "digiHtml"
  },
  "fileName": {
    "plainHtml": "Plain_Html.html",
    "frontHtml": "Front.html",
    "bodyHtml": "Body.html",
    "backHtml": "Back.html",
    "plainTxt": "Plain_text.txt",
    "frontTxt": "Front.txt",
    "bodyTxt": "Body.txt",
    "backTxt": "Back.txt",
    "headerJson": "Header.json",
    "digiHtml": "tx2.xhtml",
    "responseTxt": "response.txt"
  },
  "apiUrl": {
    "s3bucket": "https://elsevierbookstrakuat.mpslimited.com/PHAPI/aws/",
    //"s3bucket": "http://192.168.1.30/ProjectHeraldAPI/aws/",
    "docToPdf": "https://mpsdigiedit.mpslimited.com/HeraldDocToPdf/api/PDFConverter/convert?uniqueNumber={uniqueNumber}",
    "docToHtml": "https://mpsdigiedit.mpslimited.com/HeraldDocToHtml/api/Doc2HTML/convertToHtml?uniqueNumber={uniqueNumber}",
    "pdfToGxml": "http://mpsml.mpslimited.com:8070/api/",
    "pdfToGxmlTest": "http://192.168.60.151:8070/api/",
    //"pdfToGxml": "http://10.220.52.120:8070/api/",
    "gxml": "https://mpsdigiedit.mpslimited.com/HeraldPdfToGxml/api/PdfToGxmlConvert?uniqueNumber={uniqueNumber}&config={config}",
    "htmlSplit": "https://mpsdigiedit.mpslimited.com/HeraldHtmlSplit/api/HTMLSplit/splitHTML?uniqueNumber={uniqueNumber}",
    "htmlHead": "https://mpsdigiedit.mpslimited.com/HeraldHtmlHead/api/HtmlHead?uniqueNumber={uniqueNumber}",
    "htmlBody": "https://mpsdigiedit.mpslimited.com/HeraldHtmlBody/api/htmlbody?uniqueNumber={uniqueNumber}",
    "htmlTail": "https://mpsdigiedit.mpslimited.com/HeraldHtmlTail/api/htmltail?uniqueNumber={uniqueNumber}",
    "jsonHead": "https://mpsdigiedit.mpslimited.com/HeraldJsonCreation/api/JSONConverter?uniqueNumber={uniqueNumber}",
    "jsonUpdateHead": "https://mpsdigiedit.mpslimited.com/HeraldJsonCreation/api/JSONConverter/UpdateHeader"
  },
  "cleanup": [
    {
      "findValue": "<w:",
      "replaceValue": "<w-"
    },
    {
      "findValue": "</w:",
      "replaceValue": "</w-"
    },
    {
      "findValue": "<st1:",
      "replaceValue": "<st1-"
    },
    {
      "findValue": "</st1:",
      "replaceValue": "</st1-"
    },
    {
      "findValue": "Environment.NewLine",
      "replaceValue": ""
    },
    {
      "findValue": "\r\n",
      "replaceValue": ""
    },
    {
      "findValue": " wx:",
      "replaceValue": " wx-"
    },
    {
      "findValue": "<o:",
      "replaceValue": "<o-"
    },
    {
      "findValue": " o:",
      "replaceValue": " o-"
    },
    {
      "findValue": "<wx:",
      "replaceValue": "<wx-"
    },
    {
      "findValue": "</wx:",
      "replaceValue": "</wx-"
    },
    {
      "findValue": "<ns0:",
      "replaceValue": "<"
    },
    {
      "findValue": "</ns0:",
      "replaceValue": "</"
    },
    {
      "findValue": "<wx-sect>",
      "replaceValue": ""
    },
    {
      "findValue": "</wx-sect>",
      "replaceValue": ""
    },
    {
      "findValue": " aml:",
      "replaceValue": " aml-"
    },
    {
      "findValue": "</o:",
      "replaceValue": "</o-"
    },
    {
      "findValue": "<v:",
      "replaceValue": "<v-"
    },
    {
      "findValue": "</v:",
      "replaceValue": "</v-"
    },
    {
      "findValue": " v:",
      "replaceValue": " v-"
    },
    {
      "findValue": "<aml:",
      "replaceValue": "<aml-"
    },
    {
      "findValue": "</aml:",
      "replaceValue": "</aml-"
    },
    {
      "findValue": "<ns1:",
      "replaceValue": "<"
    },
    {
      "findValue": "</ns1:",
      "replaceValue": "</"
    },
    {
      "findValue": "<ns2:",
      "replaceValue": "</"
    },
    {
      "findValue": "</ns2:",
      "replaceValue": "</"
    },
    {
      "findValue": "<ns3:",
      "replaceValue": "</"
    },
    {
      "findValue": "</ns3:",
      "replaceValue": "<w-"
    },
    {
      "findValue": " w:",
      "replaceValue": " w-"
    },
    {
      "findValue": " wsp:",
      "replaceValue": " "
    },
    {
      "findValue": "<w10:",
      "replaceValue": "<w10-"
    },
    {
      "findValue": " w10:",
      "replaceValue": " w10-"
    },
    {
      "findValue": " w14:",
      "replaceValue": " w14-"
    },
    {
      "findValue": "&",
      "replaceValue": "#amp;"
    }
  ],
  "mathReplaceElement": [
    {
      "findElem": "//m_f",
      "replaceElem": "mfrac"
    },
    {
      "findElem": "//m_lim",
      "replaceElem": "mrow"
    },
    {
      "findElem": "//m_limLow",
      "replaceElem": "munder"
    },
    {
      "findElem": "//m_sSub",
      "replaceElem": "msub"
    },
    {
      "findElem": "//m_sSup",
      "replaceElem": "msup"
    },
    {
      "findElem": "//m_sup",
      "replaceElem": "mrow"
    },
    {
      "findElem": "//m_sub",
      "replaceElem": "mrow"
    },
    {
      "findElem": "//m_num",
      "replaceElem": "mrow"
    },
    {
      "findElem": "//m_sSubSup",
      "replaceElem": "msubsup"
    },
    {
      "findElem": "//m_eqArr/m_e",
      "replaceElem": "mtr"
    },
    {
      "findElem": "//m_eqArr",
      "replaceElem": "mtable"
    },
    {
      "findElem": "//m_mr/m_e",
      "replaceElem": "mtd"
    },
    {
      "findElem": "//m_mr",
      "replaceElem": "mtr"
    },
    {
      "findElem": "//m_m",
      "replaceElem": "mtable"
    },
    {
      "findElem": "//m_rad",
      "replaceElem": "msqrt"
    },
    {
      "findElem": "//m_e",
      "replaceElem": "mrow"
    },
    {
      "findElem": "//m_groupChr",
      "replaceElem": "mrow"
    },
    {
      "findElem": "//m_box",
      "replaceElem": "mrow"
    }
  ]
}