{
	"user": "",
	"question": [
		{
			"id": 1,
			"text": "Significance of topic :",
			"type": "dropdown",
			"required": true,
			"options": [
				"N/A Not Applicable",
				"1 Poor",
				"2 Fair",
				"3 Acceptable",
				"4 Very Good",
				"5 Excellent"
			],
			"captured": ""
		},
		{
			"id": 2,
			"text": "Provides new information:",
			"type": "dropdown",
			"required": true,
			"options": [
				"N/A Not Applicable",
				"1 Poor",
				"2 Fair",
				"3 Acceptable",
				"4 Very Good",
				"5 Excellent"
			],
			"captured": ""
		},
		{
			"id": 3,
			"required": false,
			"text": "Abstract describes content of article:",
			"type": "dropdown",
			"options": [
				"N/A Not Applicable",
				"1 Poor",
				"2 Fair",
				"3 Acceptable",
				"4 Very Good",
				"5 Excellent"
			],
			"captured": ""
		},
		{
			"id": 4,
			"text": "Clarity of research purpose or hypotheses:",
			"type": "dropdown",
			"required": false,
			"options": [
				"N/A Not Applicable",
				"1 Poor",
				"2 Fair",
				"3 Acceptable",
				"4 Very Good",
				"5 Excellent"
			],
			"captured": ""
		},
		{
			"id": 5,
			"text": "Importance of research questions:",
			"type": "dropdown",
			"required": false,
			"options": [
				"N/A Not Applicable",
				"1 Poor",
				"2 Fair",
				"3 Acceptable",
				"4 Very Good",
				"5 Excellent"
			],
			"captured": ""
		},
		{
			"id": 6,
			"text": "Appropriateness of the methodology and statistical design:",
			"type": "dropdown",
			"required": false,
			"options": [
				"N/A Not Applicable",
				"1 Poor",
				"2 Fair",
				"3 Acceptable",
				"4 Very Good",
				"5 Excellent"
			],
			"captured": ""
		},
		{
			"id": 7,
			"text": "Clarity of results:",
			"type": "dropdown",
			"required": false,
			"options": [
				"N/A Not Applicable",
				"1 Poor",
				"2 Fair",
				"3 Acceptable",
				"4 Very Good",
				"5 Excellent"
			],
			"captured": ""
		},
		{
			"id": 8,
			"text": "Quality of discussion:",
			"type": "dropdown",
			"required": false,
			"options": [
				"N/A Not Applicable",
				"1 Poor",
				"2 Fair",
				"3 Acceptable",
				"4 Very Good",
				"5 Excellent"
			],
			"captured": ""
		},
		{
			"id": 9,
			"text": "Support and justification for conclusions:",
			"type": "dropdown",
			"required": false,
			"options": [
				"N/A Not Applicable",
				"1 Poor",
				"2 Fair",
				"3 Acceptable",
				"4 Very Good",
				"5 Excellent"
			],
			"captured": ""
		},
		{
			"id": 10,
			"text": "References are current, appropriate and of adequate number:",
			"type": "dropdown",
			"required": false,
			"options": [
				"N/A Not Applicable",
				"1 Poor",
				"2 Fair",
				"3 Acceptable",
				"4 Very Good",
				"5 Excellent"
			],
			"captured": ""
		},
		{
			"id": 11,
			"text": "Illustrations and Tables:",
			"type": "dropdown",
			"required": false,
			"options": [
				"N/A Not Applicable",
				"1 Poor",
				"2 Fair",
				"3 Acceptable",
				"4 Very Good",
				"5 Excellent"
			],
			"captured": ""
		},
		{
			"id": 12,
			"text": "Overall scholarly content of article:",
			"type": "dropdown",
			"required": false,
			"options": [
				"N/A Not Applicable",
				"1 Poor",
				"2 Fair",
				"3 Acceptable",
				"4 Very Good",
				"5 Excellent"
			],
			"captured": ""
		},
		{
			"id": 13,
			"text": "Your recommendation is:",
			"type": "radio",
			"required": true,
			"options": [
				"Accept for publication",
				"Accept pending minor revisions (please elaborate in your critique)",
				"Reconsider after revisions (please elaborate in your critique)",
				"Reject/Appropriate for another publication (please elaborate in your critique)"
			],
			"captured": ""
		}
	]
}